{"0": {"train_loss": [0.1022360403520814, 0.01630971808338207, 0.00993063430705254, 0.008094255382925773, 0.00633928790940264, 0.00561029416207447, 0.005743845227910863], "test_loss": [0.021048790924754753, 0.012344880532234379, 0.012349957992920208, 0.009774577653997656, 0.012095454957841914, 0.016512100992801627, 0.013295742902857371], "train_acc": [0.8639, 0.8854, 0.8928, 0.8986, 0.9013, 0.9008, 0.9038], "test_acc": [0.8854, 0.9061, 0.9077, 0.901, 0.8521, 0.8521, 0.8521], "train_recall": [0.864, 0.8854, 0.8928, 0.8984, 0.9012, 0.9007, 0.9039], "test_recall": [], "train_precision": [0.8639, 0.8854, 0.8931, 0.8991, 0.9021, 0.9023, 0.9045], "test_precision": [], "train_f1": [0.8639, 0.8854, 0.8928, 0.8985, 0.9012, 0.9007, 0.9038], "test_f1": [0.7366, 0.7631, 0.7656, 0.7573, 0.6966, 0.6966, 0.6966], "best_train_f1": 0.9037803921568628, "best_test_f1": 0.7655625494551961}}