{
  "0": {
    "train_loss": [
      2.1496731547568664,
      0.20671965065237785,
      0.06940534830820169,
      0.028330148318888027,
      0.011071746336686863,
      0.0026114492244060784,
      0.00645279519663273,
      0.003760750744141517,
      0.0007961714757076333,
      0.001322556574174084,
      0.00011029753987841285
    ],
    "test_loss": [
      0.5416517513099933,
      0.9711535541738461,
      0.3527836242681458,
      0.3103490119598717,
      0.26575305691198,
      0.13729016315704173,
      0.21121034236341155,
      0.1717122246514875,
      0.12047450088295814,
      0.1355681860684605,
      0.0957757477967167
    ],
    "train_acc": [
      0.871,
      0.9573,
      0.9723,
      0.9802,
      0.9871,
      0.9922,
      0.9871,
      0.9926,
      0.9944,
      0.9946,
      0.9975
    ],
    "test_acc": [
      0.9301,
      0.892,
      0.9251,
      0.9405,
      0.9471,
      0.9538,
      0.9523,
      0.9304,
      0.9515,
      0.9538,
      0.9504
    ],
    "train_recall": [
      0.871,
      0.9573,
      0.9723,
      0.9802,
      0.9871,
      0.9922,
      0.9871,
      0.9926,
      0.9944,
      0.9946,
      0.9975
    ],
    "test_recall": [],
    "train_precision": [
      0.871,
      0.9573,
      0.9723,
      0.9802,
      0.9872,
      0.9922,
      0.9872,
      0.9926,
      0.9944,
      0.9946,
      0.9975
    ],
    "test_precision": [],
    "train_f1": [
      0.871,
      0.9573,
      0.9723,
      0.9802,
      0.9871,
      0.9922,
      0.9871,
      0.9926,
      0.9944,
      0.9946,
      0.9975
    ],
    "test_f1": [
      0.8186,
      0.7659,
      0.8095,
      0.8343,
      0.8406,
      0.8362,
      0.8481,
      0.8175,
      0.8479,
      0.8397,
      0.8403
    ],
    "best_train_f1": 0.9975407880663922,
    "best_test_f1": 0.8480986184898627
  }
}