{
  "0": {
    "train_loss": [
      4.224894976026454,
      1.048343675575115,
      0.4872034794888751,
      0.28176950330626277,
      0.17082656861979797,
      0.12594030142207868,
      0.06256490722672159,
      0.06461824024827217
    ],
    "test_loss": [
      2.931103937668473,
      1.683368595793228,
      1.5649240098286665,
      1.5059003122042256,
      1.1153220285360779,
      1.2830235888948667,
      1.2559580811417603,
      1.0485575846403663
    ],
    "train_acc": [
      0.9254,
      0.9667,
      0.9773,
      0.9837,
      0.9885,
      0.9885,
      0.9941,
      0.9936
    ],
    "test_acc": [
      0.958,
      0.9601,
      0.9645,
      0.9658,
      0.9577,
      0.9624,
      0.9583,
      0.9598
    ],
    "train_recall": [
      0.9254,
      0.9667,
      0.9773,
      0.9837,
      0.9885,
      0.9885,
      0.9941,
      0.9936
    ],
    "test_recall": [],
    "train_precision": [
      0.9254,
      0.9667,
      0.9773,
      0.9837,
      0.9885,
      0.9885,
      0.9941,
      0.9936
    ],
    "test_precision": [],
    "train_f1": [
      0.9254,
      0.9667,
      0.9773,
      0.9837,
      0.9885,
      0.9885,
      0.9941,
      0.9936
    ],
    "test_f1": [
      0.8809,
      0.8802,
      0.8821,
      0.8919,
      0.8755,
      0.888,
      0.878,
      0.8536
    ],
    "best_train_f1": 0.9940753239751448,
    "best_test_f1": 0.8918561725464358
  },
  "1": {
    "train_loss": [
      4.400108734854494,
      1.0042544353290843,
      0.46237113702817834,
      0.28751679512166195,
      0.2305730536931611,
      0.121524052765763,
      0.06140921234155062,
      0.05412244687252028
    ],
    "test_loss": [
      2.1331538881204324,
      1.4422479386537779,
      1.408027654290138,
      1.1563821753485672,
      1.3043166407514795,
      1.4152384474302893,
      1.2856626715851103,
      1.0897686830882782
    ],
    "train_acc": [
      0.926,
      0.965,
      0.9793,
      0.9835,
      0.9829,
      0.9879,
      0.9935,
      0.993
    ],
    "test_acc": [
      0.9551,
      0.9648,
      0.9643,
      0.9661,
      0.9617,
      0.9531,
      0.9593,
      0.9624
    ],
    "train_recall": [
      0.926,
      0.965,
      0.9793,
      0.9835,
      0.9829,
      0.9879,
      0.9935,
      0.993
    ],
    "test_recall": [],
    "train_precision": [
      0.926,
      0.965,
      0.9793,
      0.9834,
      0.9829,
      0.9879,
      0.9935,
      0.993
    ],
    "test_precision": [],
    "train_f1": [
      0.926,
      0.965,
      0.9793,
      0.9835,
      0.9829,
      0.9879,
      0.9935,
      0.993
    ],
    "test_f1": [
      0.8695,
      0.8824,
      0.8913,
      0.894,
      0.8855,
      0.8721,
      0.8813,
      0.8706
    ],
    "best_train_f1": 0.9935162585127316,
    "best_test_f1": 0.8939827860818427
  },
  "2": {
    "train_loss": [
      4.137209289654716,
      1.125372400862305,
      0.43483782629886497,
      0.2900800017469951,
      0.19185675891451015
    ],
    "test_loss": [
      1.6598619600292295,
      2.057158174060465,
      1.7753823640149924,
      1.5818392384467492,
      1.0230609518498872
    ],
    "train_acc": [
      0.9285,
      0.964,
      0.9794,
      0.9852,
      0.9885
    ],
    "test_acc": [
      0.9632,
      0.9554,
      0.9614,
      0.9617,
      0.9635
    ],
    "train_recall": [
      0.9285,
      0.9641,
      0.9794,
      0.9852,
      0.9885
    ],
    "test_recall": [],
    "train_precision": [
      0.9285,
      0.964,
      0.9794,
      0.9853,
      0.9885
    ],
    "test_precision": [],
    "train_f1": [
      0.9285,
      0.964,
      0.9794,
      0.9852,
      0.9885
    ],
    "test_f1": [
      0.8899,
      0.8773,
      0.886,
      0.8869,
      0.8757
    ],
    "best_train_f1": 0.9884861565987815,
    "best_test_f1": 0.8898750538560964
  },
  "3": {
    "train_loss": [
      4.336515564709251,
      1.0722548636337113,
      0.6186060556484612,
      0.2888031381495963,
      0.1841542643617958,
      0.16139554870615117,
      0.08840608188573786,
      0.06392646180861432,
      0.05450898994535691,
      0.05099826603653866
    ],
    "test_loss": [
      2.260123487449789,
      1.8416532968032653,
      1.1966183079637338,
      1.6402446910438988,
      1.1100570435797532,
      0.9324240864355896,
      0.8260572642290562,
      0.926710811968682,
      0.9728636727333811,
      0.9508529274524038
    ],
    "train_acc": [
      0.9209,
      0.9666,
      0.974,
      0.9833,
      0.9873,
      0.9886,
      0.9925,
      0.9935,
      0.9944,
      0.9935
    ],
    "test_acc": [
      0.9562,
      0.964,
      0.9622,
      0.9598,
      0.9643,
      0.964,
      0.9653,
      0.965,
      0.9627,
      0.9643
    ],
    "train_recall": [
      0.9209,
      0.9666,
      0.974,
      0.9833,
      0.9873,
      0.9886,
      0.9925,
      0.9935,
      0.9944,
      0.9935
    ],
    "test_recall": [],
    "train_precision": [
      0.9209,
      0.9666,
      0.974,
      0.9833,
      0.9873,
      0.9886,
      0.9925,
      0.9935,
      0.9944,
      0.9935
    ],
    "test_precision": [],
    "train_f1": [
      0.9209,
      0.9666,
      0.974,
      0.9833,
      0.9873,
      0.9886,
      0.9925,
      0.9935,
      0.9944,
      0.9935
    ],
    "test_f1": [
      0.8659,
      0.8868,
      0.8865,
      0.882,
      0.881,
      0.8924,
      0.8908,
      0.8835,
      0.8779,
      0.8857
    ],
    "best_train_f1": 0.994410774696866,
    "best_test_f1": 0.8923553438211318
  },
  "4": {
    "train_loss": [
      4.177021349870401,
      1.0496761257469784,
      0.4893721567637231,
      0.2698385285815211,
      0.20170084434484245,
      0.09627743839889923
    ],
    "test_loss": [
      3.00473593887873,
      1.37139548038831,
      1.2973547432480852,
      1.5521316917383772,
      1.276438356038225,
      1.6793948532006127
    ],
    "train_acc": [
      0.9253,
      0.9647,
      0.9755,
      0.983,
      0.9852,
      0.9907
    ],
    "test_acc": [
      0.9379,
      0.9627,
      0.9632,
      0.9611,
      0.9583,
      0.9478
    ],
    "train_recall": [
      0.9253,
      0.9646,
      0.9755,
      0.983,
      0.9852,
      0.9907
    ],
    "test_recall": [],
    "train_precision": [
      0.9253,
      0.9647,
      0.9755,
      0.983,
      0.9852,
      0.9907
    ],
    "test_precision": [],
    "train_f1": [
      0.9253,
      0.9647,
      0.9755,
      0.983,
      0.9852,
      0.9907
    ],
    "test_f1": [
      0.8392,
      0.88,
      0.8779,
      0.8634,
      0.8795,
      0.8576
    ],
    "best_train_f1": 0.9907212328921957,
    "best_test_f1": 0.8799794311248061
  },
  "5": {
    "train_loss": [
      3.974105778609373,
      0.9994360170507081,
      0.4648152662558281,
      0.2117563120275397,
      0.10725317968191711,
      0.0932992380530008,
      0.0728514073592692,
      0.04493187834641699
    ],
    "test_loss": [
      2.7844046757362473,
      1.84336514112114,
      1.1226468866656245,
      1.0129098445304414,
      1.1106934800735866,
      0.8195978881840333,
      0.93397291325382,
      0.9755955677837556
    ],
    "train_acc": [
      0.9268,
      0.9649,
      0.978,
      0.9837,
      0.9876,
      0.9911,
      0.9918,
      0.9944
    ],
    "test_acc": [
      0.9515,
      0.9531,
      0.9627,
      0.9609,
      0.9617,
      0.9643,
      0.9624,
      0.9643
    ],
    "train_recall": [
      0.9268,
      0.9649,
      0.978,
      0.9837,
      0.9876,
      0.991,
      0.9918,
      0.9944
    ],
    "test_recall": [],
    "train_precision": [
      0.9268,
      0.9649,
      0.978,
      0.9837,
      0.9876,
      0.9911,
      0.9918,
      0.9944
    ],
    "test_precision": [],
    "train_f1": [
      0.9268,
      0.9649,
      0.978,
      0.9837,
      0.9876,
      0.9911,
      0.9918,
      0.9944
    ],