{
  "0": {
    "train_loss": [
      1.9978083438128331,
      0.3763880733804812,
      0.15511816752391636,
      0.029815769465362477,
      0.03586091537028029,
      0.008704611844314338,
      0.00600781226412149,
      0.012049463492056985,
      0.0014136108877192016,
      0.0017202846330917315,
      0.00032112088425849085
    ],
    "test_loss": [
      0.8689045492857054,
      0.7704443094971223,
      0.3590859815805743,
      0.3574060031622745,
      0.4325903980704728,
      0.3340322738091373,
      0.3055807474123544,
      0.29994246745224423,
      0.2593800113386662,
      0.24511758572779135,
      0.27631633194505056
    ],
    "train_acc": [
      0.9107,
      0.9611,
      0.9754,
      0.9888,
      0.9888,
      0.9905,
      0.9926,
      0.992,
      0.9975,
      0.997,
      0.9984
    ],
    "test_acc": [
      0.9598,
      0.9614,
      0.9632,
      0.9643,
      0.9648,
      0.9658,
      0.9661,
      0.9669,
      0.9671,
      0.9664,
      0.9669
    ],
    "train_recall": [
      0.9106,
      0.961,
      0.9754,
      0.9888,
      0.9888,
      0.9905,
      0.9926,
      0.9919,
      0.9975,
      0.997,
      0.9984
    ],
    "test_recall": [],
    "train_precision": [
      0.9107,
      0.9613,
      0.9755,
      0.9888,
      0.9888,
      0.9905,
      0.9927,
      0.992,
      0.9975,
      0.997,
      0.9984
    ],
    "test_precision": [],
    "train_f1": [
      0.9107,
      0.9611,
      0.9754,
      0.9888,
      0.9888,
      0.9905,
      0.9926,
      0.992,
      0.9975,
      0.997,
      0.9984
    ],
    "test_f1": [
      0.8837,
      0.879,
      0.8852,
      0.8817,
      0.8848,
      0.8891,
      0.8954,
      0.8887,
      0.8932,
      0.8935,
      0.8871
    ],
    "best_train_f1": 0.9984350453087645,
    "best_test_f1": 0.8953877591798596
  }
}