{"0": {"train_loss": [5.174374606927316, 1.5574820446086888, 0.8252970047499549, 0.4522000993889386, 0.32228948439007415, 0.19337485001485194, 0.19893649726364812, 0.12879953911655853], "test_loss": [2.764861735558296, 1.4001679522204848, 1.4261160618293927, 1.26945670233968, 1.2017650954922385, 1.0100831349707833, 1.1074943250709002, 0.8459322569268525], "train_acc": [0.8907, 0.9452, 0.9624, 0.975, 0.9811, 0.9865, 0.9845, 0.9904], "test_acc": [0.9358, 0.9575, 0.9591, 0.9627, 0.9575, 0.963, 0.9627, 0.9643], "train_recall": [0.8906, 0.9452, 0.9624, 0.975, 0.9811, 0.9865, 0.9845, 0.9904], "test_recall": [], "train_precision": [0.8907, 0.9452, 0.9625, 0.975, 0.9811, 0.9865, 0.9845, 0.9904], "test_precision": [], "train_f1": [0.8907, 0.9452, 0.9624, 0.975, 0.9811, 0.9865, 0.9845, 0.9904], "test_f1": [0.8369, 0.8774, 0.8822, 0.8866, 0.8777, 0.8854, 0.8848, 0.8827], "best_train_f1": 0.9903867631127476, "best_test_f1": 0.8865745007680492}}