{
  "0": {
    "train_loss": [
      4.463093159357803,
      1.072291288047025,
      0.49851816322846637,
      0.18150150690160793,
      0.13158467167866975,
      0.06176070915070028,
      0.03474729920966516,
      0.05909931146176984
    ],
    "test_loss": [
      1.741736375251403,
      1.441213574574857,
      0.7838175015034178,
      0.533721009339206,
      0.5770321540000996,
      0.723454183718762,
      0.6751570285326686,
      0.8110811142440628
    ],
    "train_acc": [
      0.9051,
      0.9542,
      0.9661,
      0.9778,
      0.98,
      0.987,
      0.9892,
      0.988
    ],
    "test_acc": [
      0.958,
      0.9515,
      0.963,
      0.9666,
      0.963,
      0.9643,
      0.9624,
      0.9622
    ],
    "train_recall": [
      0.905,
      0.9542,
      0.9661,
      0.9777,
      0.98,
      0.987,
      0.9892,
      0.988
    ],
    "test_recall": [],
    "train_precision": [
      0.9051,
      0.9542,
      0.9662,
      0.9778,
      0.98,
      0.987,
      0.9892,
      0.988
    ],
    "test_precision": [],
    "train_f1": [
      0.9051,
      0.9542,
      0.9661,
      0.9778,
      0.98,
      0.987,
      0.9892,
      0.988
    ],
    "test_f1": [
      0.878,
      0.8635,
      0.8836,
      0.8983,
      0.8869,
      0.8767,
      0.8835,
      0.8646
    ],
    "best_train_f1": 0.9891565927672807,
    "best_test_f1": 0.8983401389404464
  },
  "1": {
    "train_loss": [
      4.190049021892282,
      1.100165713333647,
      0.3814902961845984,
      0.1621185697505531,
      0.138261344723827,
      0.0542014401334833,
      0.039202013465799795,
      0.050128520146110994,
      0.01911686987391272,
      0.028131202316203866,
      0.025923010130101804
    ],
    "test_loss": [
      2.1306192149159893,
      1.349393093069568,
      0.8189504456288248,
      0.7098050210578852,
      0.6948166223546817,
      0.6695519111247425,
      0.8452100707913108,
      0.513063655930109,
      0.5642095514397167,
      0.43380340443466836,
      0.586611162421582
    ],
    "train_acc": [
      0.9068,
      0.9513,
      0.9694,
      0.9803,
      0.983,
      0.9886,
      0.9903,
      0.9886,
      0.9923,
      0.9906,
      0.9922
    ],
    "test_acc": [
      0.9533,
      0.9541,
      0.964,
      0.9643,
      0.9591,
      0.9559,
      0.9648,
      0.9617,
      0.9656,
      0.9664,
      0.9572
    ],
    "train_recall": [
      0.9067,
      0.9512,
      0.9694,
      0.9803,
      0.983,
      0.9886,
      0.9903,
      0.9886,
      0.9923,
      0.9906,
      0.9922
    ],
    "test_recall": [],
    "train_precision": [
      0.9068,
      0.9513,
      0.9694,
      0.9803,
      0.983,
      0.9886,
      0.9903,
      0.9886,
      0.9923,
      0.9906,
      0.9922
    ],
    "test_precision": [],
    "train_f1": [
      0.9068,
      0.9513,
      0.9694,
      0.9803,
      0.983,
      0.9886,
      0.9903,
      0.9886,
      0.9923,
      0.9906,
      0.9922
    ],
    "test_f1": [
      0.87,
      0.8706,
      0.8837,
      0.886,
      0.8792,
      0.866,
      0.8882,
      0.8723,
      0.8842,
      0.888,
      0.8755
    ],
    "best_train_f1": 0.9922870339830003,
    "best_test_f1": 0.8882487730553431
  },
  "2": {
    "train_loss": [
      4.460974156821209,
      1.137313949246117,
      0.41673966135689594,
      0.1521985779990558,
      0.09300461580726875,
      0.044817612505669006,
      0.06369747876447936,
      0.03286468996145561,
      0.02190534947854793,
      0.015956183357454527,
      0.005174147891129452,
      0.018825749134403096,
      0.0052098743170782506,
      0.007699301054033387,
      0.001126398121534977
    ],
    "test_loss": [
      2.917227925533856,
      1.6741192115020298,
      1.0045542273925288,
      1.0327822543823761,
      0.6809016064585286,
      0.8415823282911125,
      0.786880500552422,
      0.47918045694279765,
      0.4553317775177023,
      0.5296943736346267,
      0.47905892292125646,
      0.4898013377377109,
      0.6497528308064894,
      0.31170902612769474,
      0.5139344758414457
    ],
    "train_acc": [
      0.909,
      0.9524,
      0.9646,
      0.9814,
      0.9847,
      0.9907,
      0.9852,
      0.989,
      0.9894,
      0.9921,
      0.9951,
      0.9907,
      0.9952,
      0.9965,
      0.9963
    ],
    "test_acc": [
      0.9437,
      0.945,
      0.9544,
      0.9598,
      0.9593,
      0.9635,
      0.963,
      0.957,
      0.9637,
      0.9624,
      0.9643,
      0.963,
      0.9624,
      0.9593,
      0.9598
    ],
    "train_recall": [
      0.909,
      0.9524,
      0.9646,
      0.9814,
      0.9847,
      0.9907,
      0.9853,
      0.9891,
      0.9894,
      0.9921,
      0.9951,
      0.9907,
      0.9952,
      0.9965,
      0.9963
    ],
    "test_recall": [],
    "train_precision": [
      0.909,
      0.9524,
      0.9646,
      0.9814,
      0.9847,
      0.9907,
      0.9852,
      0.989,
      0.9894,
      0.9921,
      0.9951,
      0.9907,
      0.9952,
      0.9965,
      0.9963
    ],
    "test_precision": [],
    "train_f1": [
      0.909,
      0.9524,
      0.9646,
      0.9814,
      0.9847,
      0.9907,
      0.9852,
      0.989,
      0.9894,
      0.9921,
      0.9951,
      0.9907,
      0.9952,
      0.9965,
      0.9963
    ],
    "test_f1": [
      0.8423,
      0.8548,
      0.8705,
      0.8793,
      0.8804,
      0.8786,
      0.879,
      0.8645,
      0.8846,
      0.8803,
      0.8881,
      0.8786,
      0.8694,
      0.8647,
      0.8653
    ],
    "best_train_f1": 0.996534751627024,
    "best_test_f1": 0.888123651886576
  },
  "3": {
    "train_loss": [
      4.640479379404683,
      1.1931765605315825,
      0.3987441175830128,
      0.20148223327144835,
      0.1042556481212565,
      0.04075119492754311,
      0.03071435320805139,
      0.02803738565918455,
      0.025906378739978433,
      0.014757129874747456,
      0.016295217986294092
    ],
    "test_loss": [
      3.9836784409963,
      1.1554690273307149,
      0.8467370830636806,
      0.6555548931247202,
      0.5712247799692098,
      0.44001221355876974,
      0.38336098203612495,
      0.36768998380693957,
      0.4251683791002928,
      0.4675057537752009,
      0.6352912904664895
    ],
    "train_acc": [
      0.8929,
      0.9448,
      0.9662,
      0.9756,
      0.9794,
      0.9876,
      0.9896,
      0.989,
      0.9866,
      0.9913,
      0.9911
    ],
    "test_acc": [
      0.9092,
      0.9528,
      0.9478,
      0.9593,
      0.9622,
      0.963,
      0.9635,
      0.9611,
      0.9658,
      0.9577,
      0.9645
    ],
    "train_recall": [
      0.8929,
      0.9448,
      0.9662,
      0.9756,
      0.9794,
      0.9876,
      0.9896,
      0.989,
      0.9866,
      0.9913,
      0.9911
    ],
    "test_recall": [],
    "train_precision": [
      0.8929,
      0.9448,
      0.9662,
      0.9756,
      0.9794,
      0.9876,
      0.9896,
      0.9891,
      0.9866,
      0.9913,
      0.9911
    ],
    "test_precision": [],
    "train_f1": [
      0.8929,
      0.9448,
      0.9662,
      0.9756,
      0.9794,
      0.9876,
      0.9896,
      0.989,
      0.9866,
      0.9913,
      0.9911
    ],
    "test_f1": [
      0.7913,
      0.8615,
      0.8553,
      0.8813,
      0.8786,
      0.8833,
      0.8876,
      0.8836,
      0.8866,
      0.8749,
      0.8707
    ],
    "best_train_f1": 0.9912810177069108,
    "best_test_f1": 0.8876379092060047
  },
  "4": {
    "train_loss": [
      4.87606237397614,
      1.0321521831106961,
      0.41403604336014477,
      0.19220428508078471,
      0.1301046489117598,
      0.06183419538504385,
      0.03825666194012157,
      0.033326573251332904,
      0.0431581889216462
    ],