{"0": {"train_loss": [4.597110016518244, 1.2293842357795166, 0.46100585397349647, 0.2116334917459464, 0.10046848946604597, 0.08289917492155004, 0.03761828678441965], "test_loss": [2.446685448139151, 1.4055934228872795, 0.7106869051850349, 0.46789754100901854, 0.5462895333842706, 0.6098184520544762, 0.4240675107658905], "train_acc": [0.895, 0.9436, 0.9615, 0.9743, 0.9808, 0.9819, 0.9871], "test_acc": [0.9317, 0.9392, 0.964, 0.965, 0.9559, 0.9622, 0.9653], "train_recall": [0.895, 0.9436, 0.9616, 0.9743, 0.9808, 0.9819, 0.9871], "test_recall": [], "train_precision": [0.895, 0.9436, 0.9615, 0.9743, 0.9808, 0.9819, 0.9872], "test_precision": [], "train_f1": [0.895, 0.9435, 0.9615, 0.9743, 0.9808, 0.9819, 0.9871], "test_f1": [0.8288, 0.8428, 0.8898, 0.8867, 0.8738, 0.8707, 0.8828], "best_train_f1": 0.9871442367551768, "best_test_f1": 0.8898239155060971}}