{
  "0": {
    "train_loss": [
      4.224894976026454,
      1.048343675575115,
      0.4872034794888751,
      0.28176950330626277,
      0.17082656861979797,
      0.12594030142207868,
      0.06256490722672159,
      0.06461824024827217
    ],
    "test_loss": [
      2.931103937668473,
      1.683368595793228,
      1.5649240098286665,
      1.5059003122042256,
      1.1153220285360779,
      1.2830235888948667,
      1.2559580811417603,
      1.0485575846403663
    ],
    "train_acc": [
      0.9254,
      0.9667,
      0.9773,
      0.9837,
      0.9885,
      0.9885,
      0.9941,
      0.9936
    ],
    "test_acc": [
      0.958,
      0.9601,
      0.9645,
      0.9658,
      0.9577,
      0.9624,
      0.9583,
      0.9598
    ],
    "train_recall": [
      0.9254,
      0.9667,
      0.9773,
      0.9837,
      0.9885,
      0.9885,
      0.9941,
      0.9936
    ],
    "test_recall": [],
    "train_precision": [
      0.9254,
      0.9667,
      0.9773,
      0.9837,
      0.9885,
      0.9885,
      0.9941,
      0.9936
    ],
    "test_precision": [],
    "train_f1": [
      0.9254,
      0.9667,
      0.9773,
      0.9837,
      0.9885,
      0.9885,
      0.9941,
      0.9936
    ],
    "test_f1": [
      0.8809,
      0.8802,
      0.8821,
      0.8919,
      0.8755,
      0.888,
      0.878,
      0.8536
    ],
    "best_train_f1": 0.9940753239751448,
    "best_test_f1": 0.8918561725464358
  }
}