{
  "0": {
    "train_loss": [
      1.9978083438128331,
      0.3763880733804812,
      0.15511816752391636,
      0.029815769465362477,
      0.03586091537028029,
      0.008704611844314338,
      0.00600781226412149,
      0.012049463492056985,
      0.0014136108877192016,
      0.0017202846330917315,
      0.00032112088425849085
    ],
    "test_loss": [
      0.8689045492857054,
      0.7704443094971223,
      0.3590859815805743,
      0.3574060031622745,
      0.4325903980704728,
      0.3340322738091373,
      0.3055807474123544,
      0.29994246745224423,
      0.2593800113386662,
      0.24511758572779135,
      0.27631633194505056
    ],
    "train_acc": [
      0.9107,
      0.9611,
      0.9754,
      0.9888,
      0.9888,
      0.9905,
      0.9926,
      0.992,
      0.9975,
      0.997,
      0.9984
    ],
    "test_acc": [
      0.9598,
      0.9614,
      0.9632,
      0.9643,
      0.9648,
      0.9658,
      0.9661,
      0.9669,
      0.9671,
      0.9664,
      0.9669
    ],
    "train_recall": [
      0.9106,
      0.961,
      0.9754,
      0.9888,
      0.9888,
      0.9905,
      0.9926,
      0.9919,
      0.9975,
      0.997,
      0.9984
    ],
    "test_recall": [],
    "train_precision": [
      0.9107,
      0.9613,
      0.9755,
      0.9888,
      0.9888,
      0.9905,
      0.9927,
      0.992,
      0.9975,
      0.997,
      0.9984
    ],
    "test_precision": [],
    "train_f1": [
      0.9107,
      0.9611,
      0.9754,
      0.9888,
      0.9888,
      0.9905,
      0.9926,
      0.992,
      0.9975,
      0.997,
      0.9984
    ],
    "test_f1": [
      0.8837,
      0.879,
      0.8852,
      0.8817,
      0.8848,
      0.8891,
      0.8954,
      0.8887,
      0.8932,
      0.8935,
      0.8871
    ],
    "best_train_f1": 0.9984350453087645,
    "best_test_f1": 0.8953877591798596
  },
  "1": {
    "train_loss": [
      2.1442232210452516,
      0.3855074048836907,
      0.1423604046091242,
      0.03348182873553381,
      0.04524527496133046,
      0.026407402918381593,
      0.009723314818080753,
      0.0033146823656425776,
      0.002060386948844352
    ],
    "test_loss": [
      0.6670795159792429,
      0.5160653990595575,
      0.350802064780667,
      0.36829139344238987,
      0.33026369189893134,
      0.7030511013896406,
      0.27815951089704855,
      0.4396203438234619,
      0.40231187142227703
    ],
    "train_acc": [
      0.903,
      0.9617,
      0.9766,
      0.9863,
      0.9873,
      0.9892,
      0.9931,
      0.9949,
      0.9959
    ],
    "test_acc": [
      0.9609,
      0.9645,
      0.965,
      0.965,
      0.9669,
      0.9533,
      0.9666,
      0.963,
      0.9664
    ],
    "train_recall": [
      0.9029,
      0.9617,
      0.9766,
      0.9863,
      0.9873,
      0.9892,
      0.9931,
      0.9948,
      0.9959
    ],
    "test_recall": [],
    "train_precision": [
      0.903,
      0.9617,
      0.9767,
      0.9862,
      0.9872,
      0.9891,
      0.9931,
      0.9949,
      0.9959
    ],
    "test_precision": [],
    "train_f1": [
      0.903,
      0.9617,
      0.9766,
      0.9862,
      0.9873,
      0.9892,
      0.9931,
      0.9949,
      0.9959
    ],
    "test_f1": [
      0.8793,
      0.877,
      0.8907,
      0.8901,
      0.8946,
      0.8712,
      0.8915,
      0.8646,
      0.8873
    ],
    "best_train_f1": 0.9958615017804124,
    "best_test_f1": 0.8945821013563527
  },
  "2": {
    "train_loss": [
      1.9533116660129866,
      0.3843759132688037,
      0.18356685354812657,
      0.04001834905868184,
      0.022946173626683768,
      0.01058285878503062,
      0.0073534196067260495,
      0.010488488367924834,
      0.0029989972950394024,
      0.0027236119975129498
    ],
    "test_loss": [
      0.788051900989746,
      1.693311577818046,
      0.437816899009708,
      0.47025808327868907,
      0.43910192239588025,
      0.32988228110419177,
      0.3516402737222885,
      0.32798054140046146,
      0.22345510551315534,
      0.35992900982583687
    ],
    "train_acc": [
      0.9058,
      0.964,
      0.9748,
      0.986,
      0.9893,
      0.9933,
      0.994,
      0.9951,
      0.9972,
      0.9959
    ],
    "test_acc": [
      0.9617,
      0.9319,
      0.964,
      0.9664,
      0.9669,
      0.9682,
      0.9658,
      0.9593,
      0.9656,
      0.9577
    ],
    "train_recall": [
      0.9058,
      0.964,
      0.9748,
      0.9861,
      0.9893,
      0.9933,
      0.994,
      0.9951,
      0.9972,
      0.9959
    ],
    "test_recall": [],
    "train_precision": [
      0.9058,
      0.9641,
      0.9749,
      0.986,
      0.9893,
      0.9933,
      0.994,
      0.9951,
      0.9972,
      0.9959
    ],
    "test_precision": [],
    "train_f1": [
      0.9058,
      0.964,
      0.9748,
      0.986,
      0.9893,
      0.9933,
      0.994,
      0.9951,
      0.9972,
      0.9959
    ],
    "test_f1": [
      0.8855,
      0.8326,
      0.8887,
      0.8795,
      0.8843,
      0.8954,
      0.8888,
      0.8825,
      0.8949,
      0.8794
    ],
    "best_train_f1": 0.9972054540789757,
    "best_test_f1": 0.8954134200528044
  },
  "3": {
    "train_loss": [
      2.015501526283738,
      0.3802936843780296,
      0.122563007531338,
      0.0594786880982486,
      0.020576449908546936,
      0.01534278125807061,
      0.009260333467327693,
      0.006974867379830207,
      0.002883661455328168,
      0.0004726828888282454
    ],
    "test_loss": [
      4.3290792286396025,
      0.7143261854031118,
      0.6162787580995094,
      0.4777453775494524,
      0.38326038465592144,
      0.4055392852575753,
      0.44715933661773355,
      0.3330982584468641,
      0.3295106213082363,
      0.3254357940023507
    ],
    "train_acc": [
      0.9048,
      0.9671,
      0.977,
      0.9827,
      0.9904,
      0.9928,
      0.9932,
      0.9944,
      0.9971,
      0.9984
    ],
    "test_acc": [
      0.8461,
      0.9627,
      0.9572,
      0.9627,
      0.964,
      0.9669,
      0.9627,
      0.9661,
      0.9658,
      0.9661
    ],
    "train_recall": [
      0.9048,
      0.9671,
      0.977,
      0.9827,
      0.9904,
      0.9928,
      0.9932,
      0.9944,
      0.9971,
      0.9984
    ],
    "test_recall": [],
    "train_precision": [
      0.9048,
      0.9671,
      0.9769,
      0.9827,
      0.9904,
      0.9929,
      0.9932,
      0.9944,
      0.9971,
      0.9984
    ],
    "test_precision": [],
    "train_f1": [
      0.9048,
      0.9671,
      0.977,
      0.9827,
      0.9904,
      0.9928,
      0.9932,
      0.9944,
      0.9971,
      0.9984
    ],
    "test_f1": [
      0.7132,
      0.8886,
      0.8774,
      0.8717,
      0.8878,
      0.8903,
      0.8602,
      0.8876,
      0.8875,
      0.8886
    ],
    "best_train_f1": 0.9984350133951778,
    "best_test_f1": 0.8903423538745959
  },
  "4": {
    "train_loss": [
      1.8576689618857927,
      0.31675002617372794,
      0.1105652058620794,
      0.03027393503475348,
      0.02225827876790327,
      0.00920764010319786,
      0.012337969762525233
    ],
    "test_loss": [
      1.0606880077859386,
      0.604589553286011,
      0.4052643204845784,
      0.3820339225349444,
      0.3858335812371637,
      0.3417400606686442,
      0.3841656338121742
    ],
    "train_acc": [
      0.9106,
      0.9656,
      0.9782,
      0.9885,
      0.9888,
      0.9904,
      0.992
    ],
    "test_acc": [
      0.9504,
      0.9601,
      0.9664,
      0.963,
      0.9643,
      0.9632,
      0.9624
    ],
    "train_recall": [
      0.9106,
      0.9655,
      0.9782,
      0.9885,
      0.9888,
      0.9904,
      0.9919
    ],
    "test_recall": [],
    "train_precision": [
      0.9105,
      0.9656,
      0.9782,
      0.9885,
      0.9888,
      0.9904,
      0.992
    ],
    "test_precision": [],
    "train_f1": [
      0.9105,
      0.9656,
      0.9782,
      0.9885,
      0.9888,
      0.9904,
      0.992
    ],