{
  "0": {
    "train_loss": [
      4.30376262906274,
      1.4650514205366236,
      0.818769581860019,
      0.4931243528855651,
      0.35149112654717657,
      0.24391471572058215,
      0.17781045010421992,
      0.09133592020387794,
      0.16413810548482968,
      0.08516003420051246
    ],
    "test_loss": [
      2.434147373167798,
      2.7111256555265983,
      2.503413819833846,
      2.7876316864132,
      1.7005086124584219,
      2.1667662270522365,
      1.9222503715213681,
      2.0158750284456266,
      1.6384136870581414,
      2.84696507716629
    ],
    "train_acc": [
      0.9283,
      0.9623,
      0.9737,
      0.9788,
      0.9859,
      0.9878,
      0.9914,
      0.9946,
      0.9917,
      0.9951
    ],
    "test_acc": [
      0.9611,
      0.9478,
      0.9481,
      0.9627,
      0.9661,
      0.9656,
      0.9637,
      0.9658,
      0.9666,
      0.9617
    ],
    "train_recall": [
      0.9283,
      0.9623,
      0.9737,
      0.9788,
      0.9859,
      0.9878,
      0.9914,
      0.9946,
      0.9917,
      0.9951
    ],
    "test_recall": [],
    "train_precision": [
      0.9283,
      0.9623,
      0.9737,
      0.9788,
      0.9859,
      0.9878,
      0.9914,
      0.9946,
      0.9917,
      0.9951
    ],
    "test_precision": [],
    "train_f1": [
      0.9283,
      0.9623,
      0.9737,
      0.9788,
      0.9859,
      0.9878,
      0.9914,
      0.9946,
      0.9917,
      0.9951
    ],
    "test_f1": [
      0.8839,
      0.8604,
      0.8628,
      0.8903,
      0.8901,
      0.8986,
      0.8925,
      0.8944,
      0.8942,
      0.878
    ],
    "best_train_f1": 0.9950814591161472,
    "best_test_f1": 0.8985815915512716
  }
}