{
  "0": {
    "train_loss": [
      4.608116098506649,
      0.672157873287465,
      0.2797619715754697,
      0.08965246099659444,
      0.0687520127584895,
      0.0319251516593792,
      0.014906881481991329,
      0.019784701894244024
    ],
    "test_loss": [
      1.2287085269888243,
      0.8320107687621836,
      0.48313488972732505,
      0.5149784250027797,
      0.4428961649499429,
      0.662878873030714,
      0.3014217839407756,
      0.3099533353042349
    ],
    "train_acc": [
      0.891,
      0.9524,
      0.9649,
      0.9794,
      0.9772,
      0.9844,
      0.9889,
      0.9863
    ],
    "test_acc": [
      0.9591,
      0.9486,
      0.9645,
      0.9669,
      0.9614,
      0.9598,
      0.963,
      0.9656
    ],
    "train_recall": [
      0.891,
      0.9524,
      0.9649,
      0.9794,
      0.9772,
      0.9844,
      0.9889,
      0.9863
    ],
    "test_recall": [],
    "train_precision": [
      0.891,
      0.9524,
      0.965,
      0.9795,
      0.9772,
      0.9844,
      0.989,
      0.9863
    ],
    "test_precision": [],
    "train_f1": [
      0.891,
      0.9524,
      0.9649,
      0.9794,
      0.9772,
      0.9844,
      0.9889,
      0.9863
    ],
    "test_f1": [
      0.8745,
      0.8605,
      0.8767,
      0.8968,
      0.8874,
      0.8612,
      0.875,
      0.8845
    ],
    "best_train_f1": 0.9889327817072935,
    "best_test_f1": 0.8968454168454169
  }
}