{
  "0": {
    "train_loss": [
      4.463093159357803,
      1.072291288047025,
      0.49851816322846637,
      0.18150150690160793,
      0.13158467167866975,
      0.06176070915070028,
      0.03474729920966516,
      0.05909931146176984
    ],
    "test_loss": [
      1.741736375251403,
      1.441213574574857,
      0.7838175015034178,
      0.533721009339206,
      0.5770321540000996,
      0.723454183718762,
      0.6751570285326686,
      0.8110811142440628
    ],
    "train_acc": [
      0.9051,
      0.9542,
      0.9661,
      0.9778,
      0.98,
      0.987,
      0.9892,
      0.988
    ],
    "test_acc": [
      0.958,
      0.9515,
      0.963,
      0.9666,
      0.963,
      0.9643,
      0.9624,
      0.9622
    ],
    "train_recall": [
      0.905,
      0.9542,
      0.9661,
      0.9777,
      0.98,
      0.987,
      0.9892,
      0.988
    ],
    "test_recall": [],
    "train_precision": [
      0.9051,
      0.9542,
      0.9662,
      0.9778,
      0.98,
      0.987,
      0.9892,
      0.988
    ],
    "test_precision": [],
    "train_f1": [
      0.9051,
      0.9542,
      0.9661,
      0.9778,
      0.98,
      0.987,
      0.9892,
      0.988
    ],
    "test_f1": [
      0.878,
      0.8635,
      0.8836,
      0.8983,
      0.8869,
      0.8767,
      0.8835,
      0.8646
    ],
    "best_train_f1": 0.9891565927672807,
    "best_test_f1": 0.8983401389404464
  }
}