{
  "0": {
    "train_loss": [
      4.372552036205134,
      0.8417419032009675,
      0.33412989983109737,
      0.12155618821918476,
      0.11228537622571098,
      0.05491756332670812
    ],
    "test_loss": [
      1.425202374028665,
      1.2944378890260866,
      0.8790266918561742,
      0.8933167058519879,
      0.6732166110595547,
      0.5135874788309367
    ],
    "train_acc": [
      0.9257,
      0.961,
      0.9772,
      0.9846,
      0.984,
      0.9911
    ],
    "test_acc": [
      0.9622,
      0.9669,
      0.963,
      0.965,
      0.963,
      0.965
    ],
    "train_recall": [
      0.9256,
      0.9609,
      0.9772,
      0.9846,
      0.984,
      0.9911
    ],
    "test_recall": [],
    "train_precision": [
      0.9257,
      0.961,
      0.9772,
      0.9846,
      0.984,
      0.9911
    ],
    "test_precision": [],
    "train_f1": [
      0.9257,
      0.961,
      0.9772,
      0.9846,
      0.984,
      0.9911
    ],
    "test_f1": [
      0.8809,
      0.8934,
      0.88,
      0.8814,
      0.8872,
      0.8883
    ],
    "best_train_f1": 0.9910566673489631,
    "best_test_f1": 0.8934083059639887
  }
}