{
  "0": {
    "train_loss": [
      2.2271659648795077,
      0.3327439505852975,
      0.09341601460150377,
      0.07000427678281898,
      0.012180103588915452,
      0.015845577366032502,
      0.002848662705130425,
      0.004853352748642377,
      0.008640103086346895
    ],
    "test_loss": [
      0.7343236761167657,
      0.6268486135365825,
      0.544321075841403,
      0.4442981761880905,
      0.44040521838227353,
      0.3150890529632952,
      0.35631968538986963,
      0.4586391380226803,
      0.5606594491090315
    ],
    "train_acc": [
      0.9019,
      0.9647,
      0.9821,
      0.9817,
      0.9903,
      0.9918,
      0.9952,
      0.9962,
      0.9945
    ],
    "test_acc": [
      0.9635,
      0.9619,
      0.9614,
      0.9499,
      0.9674,
      0.9617,
      0.964,
      0.9619,
      0.964
    ],
    "train_recall": [
      0.9019,
      0.9646,
      0.9821,
      0.9816,
      0.9903,
      0.9919,
      0.9952,
      0.9962,
      0.9945
    ],
    "test_recall": [],
    "train_precision": [
      0.9019,
      0.9647,
      0.9821,
      0.9818,
      0.9903,
      0.9918,
      0.9952,
      0.9962,
      0.9945
    ],
    "test_precision": [],
    "train_f1": [
      0.9019,
      0.9647,
      0.9821,
      0.9817,
      0.9903,
      0.9918,
      0.9952,
      0.9962,
      0.9945
    ],
    "test_f1": [
      0.8823,
      0.8849,
      0.877,
      0.8651,
      0.8954,
      0.8837,
      0.8901,
      0.887,
      0.8862
    ],
    "best_train_f1": 0.9961992903202685,
    "best_test_f1": 0.8953784223044254
  },
  "1": {
    "train_loss": [
      0.01506071075863151,
      0.005166873023274651,
      0.002437485680833492,
      0.008727173884526184,
      0.005030040080206141,
      0.0036350984869476808,
      0.000628974953187321,
      0.004185540053435929
    ],
    "test_loss": [
      0.446806746479036,
      0.3653174053537731,
      0.37712276677974166,
      0.2565911636938648,
      0.4409989309134364,
      0.3501977939199975,
      0.4802022172797782,
      0.4587768364039861
    ],
    "train_acc": [
      0.9918,
      0.9958,
      0.996,
      0.995,
      0.9946,
      0.9944,
      0.9975,
      0.9952
    ],
    "test_acc": [
      0.9609,
      0.965,
      0.963,
      0.9669,
      0.9632,
      0.9645,
      0.963,
      0.9614
    ],
    "train_recall": [
      0.9919,
      0.9958,
      0.996,
      0.995,
      0.9946,
      0.9944,
      0.9975,
      0.9952
    ],
    "test_recall": [],
    "train_precision": [
      0.9918,
      0.9957,
      0.996,
      0.995,
      0.9946,
      0.9944,
      0.9975,
      0.9952
    ],
    "test_precision": [],
    "train_f1": [
      0.9918,
      0.9958,
      0.996,
      0.995,
      0.9946,
      0.9944,
      0.9975,
      0.9952
    ],
    "test_f1": [
      0.8821,
      0.8871,
      0.8839,
      0.896,
      0.8695,
      0.8876,
      0.8848,
      0.8828
    ],
    "best_train_f1": 0.9975407826581769,
    "best_test_f1": 0.8960094875821467
  },
  "2": {
    "train_loss": [
      0.012798575510161937,
      0.0002635305655772358,
      0.0001634068350895031,
      0.00105679537150075,
      0.00044823117980686894,
      1.5591257348193987e-07,
      1.345840914432653e-05,
      3.981188795105919e-09,
      7.380971954642239e-05
    ],
    "test_loss": [
      0.4384143684115596,
      0.30425907616781817,
      0.2988718337830626,
      0.25271274797879795,
      0.3309608605556877,
      0.33471372077229417,
      0.39545878593034495,
      0.395354450671399,
      0.4149081015900307
    ],
    "train_acc": [
      0.9904,
      0.9985,
      0.9989,
      0.9971,
      0.9968,
      0.9999,
      0.9998,
      0.9999,
      0.9993
    ],
    "test_acc": [
      0.9627,
      0.9643,
      0.964,
      0.963,
      0.9661,
      0.9661,
      0.9656,
      0.9656,
      0.964
    ],
    "train_recall": [
      0.9904,
      0.9985,
      0.9989,
      0.9971,
      0.9967,
      0.9999,
      0.9998,
      0.9999,
      0.9993
    ],
    "test_recall": [],
    "train_precision": [
      0.9904,
      0.9986,
      0.9989,
      0.9971,
      0.9968,
      0.9999,
      0.9998,
      0.9999,
      0.9993
    ],
    "test_precision": [],
    "train_f1": [
      0.9904,
      0.9985,
      0.9989,
      0.9971,
      0.9968,
      0.9999,
      0.9998,
      0.9999,
      0.9993
    ],
    "test_f1": [
      0.8656,
      0.88,
      0.8856,
      0.8641,
      0.8907,
      0.8901,
      0.8821,
      0.8821,
      0.8692
    ],
    "best_train_f1": 0.9998882174592008,
    "best_test_f1": 0.8907381020233684
  },
  "3": {
    "train_loss": [
      0.0012222408675578147,
      0.00477518673724177,
      0.0019257973815614757,
      0.008066288198431448,
      0.0030619974213490723,
      4.843244790883201e-05,
      0.0015694113167619296,
      1.3958457309400096e-05,
      6.258422808215349e-05,
      5.7889232893129736e-05
    ],
    "test_loss": [
      0.49947721428470776,
      0.32916442900794185,
      0.40966012777738275,
      0.1931107721965017,
      0.30165967138799465,
      0.2919503662654005,
      0.17859897832333735,
      0.1739641469431547,
      0.24863273159947627,
      0.2269289195042802
    ],
    "train_acc": [
      0.9972,
      0.9951,
      0.9963,
      0.9923,
      0.9947,
      0.9988,
      0.9962,
      0.9983,
      0.9979,
      0.999
    ],
    "test_acc": [
      0.9567,
      0.9624,
      0.9635,
      0.9619,
      0.9645,
      0.9661,
      0.9598,
      0.9617,
      0.9598,
      0.9624
    ],
    "train_recall": [
      0.9972,
      0.9951,
      0.9963,
      0.9923,
      0.9947,
      0.9988,
      0.9962,
      0.9983,
      0.9979,
      0.999
    ],
    "test_recall": [],
    "train_precision": [
      0.9972,
      0.9951,
      0.9963,
      0.9922,
      0.9948,
      0.9988,
      0.9962,
      0.9983,
      0.9979,
      0.999
    ],
    "test_precision": [],
    "train_f1": [
      0.9972,
      0.9951,
      0.9963,
      0.9923,
      0.9947,
      0.9988,
      0.9962,
      0.9983,
      0.9979,
      0.999
    ],
    "test_f1": [
      0.8753,
      0.8793,
      0.8864,
      0.8741,
      0.8821,
      0.8916,
      0.8777,
      0.8773,
      0.8723,
      0.8796
    ],
    "best_train_f1": 0.998993944662458,
    "best_test_f1": 0.8916448109860449
  },
  "4": {
    "train_loss": [
      5.526904377457003e-05,
      1.352942648635702e-05,
      1.273906398468975e-06,
      2.368526059940099e-06,
      1.4754850222998945e-05
    ],
    "test_loss": [
      0.21250460143533842,
      0.225215610958011,
      0.2425324855217185,
      0.2283093401429599,
      0.23660473914807298
    ],
    "train_acc": [
      0.9991,
      0.9992,
      0.9992,
      0.9999,
      0.9994
    ],
    "test_acc": [
      0.9643,
      0.9614,
      0.9627,
      0.9622,
      0.9627
    ],
    "train_recall": [
      0.9991,
      0.9992,
      0.9992,
      0.9999,
      0.9994
    ],
    "test_recall": [],
    "train_precision": [
      0.9991,
      0.9992,
      0.9992,
      0.9999,
      0.9994
    ],
    "test_precision": [],
    "train_f1": [
      0.9991,
      0.9992,
      0.9992,
      0.9999,
      0.9994
    ],
    "test_f1": [
      0.8866,
      0.8682,
      0.8693,
      0.8718,
      0.8721
    ],
    "best_train_f1": 0.999888218163159,
    "best_test_f1": 0.8865931993228298
  },
  "5": {
    "train_loss": [
      5.864756339071019e-05,
      2.7225095850114532e-05,
      5.148002778377398e-06,
      0.0032192240284242544,
      0.01722895269250999,
      0.0021457669906663895
    ],
    "test_loss": [
      0.39300280466681364,
      0.2503298745677815,
      0.24690080224028127,
      0.2304980460767622,
      0.09388331373465997,
      0.13232758403823397
    ],
    "train_acc": [
      0.9993,
      0.9994,
      0.9999,
      0.9968,
      0.9845,
      0.992
    ],