{"0": {"train_loss": [4.507609482446735, 1.0078971620905328, 0.4428617705348861, 0.22927380415731302, 0.1459844367302808, 0.08294303058363321, 0.047932386605649795, 0.050370408025595476, 0.06907981350263791, 0.01967699051142759, 0.015601301365581197, 0.036091201758091405, 0.03565729023653921], "test_loss": [4.3471142546196155, 1.5461005856399423, 1.4403373203431178, 0.8821280400278132, 1.053015055144715, 0.9702545011534842, 1.2459357138276879, 0.9677395646124793, 0.7427738239590234, 0.753146579513426, 0.8124304365178736, 0.7780926200734467, 0.6049908253850877], "train_acc": [0.923, 0.9666, 0.9788, 0.983, 0.985, 0.9917, 0.9932, 0.9928, 0.9899, 0.995, 0.9971, 0.9946, 0.994], "test_acc": [0.9371, 0.9635, 0.9627, 0.9619, 0.9622, 0.9656, 0.9645, 0.9619, 0.9645, 0.9648, 0.9656, 0.964, 0.9658], "train_recall": [0.923, 0.9666, 0.9788, 0.983, 0.985, 0.9917, 0.9932, 0.9928, 0.9899, 0.995, 0.9971, 0.9946, 0.994], "test_recall": [], "train_precision": [0.923, 0.9666, 0.9788, 0.983, 0.985, 0.9917, 0.9932, 0.9928, 0.9899, 0.995, 0.9971, 0.9946, 0.994], "test_precision": [], "train_f1": [0.923, 0.9666, 0.9788, 0.983, 0.985, 0.9917, 0.9932, 0.9928, 0.9899, 0.995, 0.9971, 0.9946, 0.994], "test_f1": [0.8427, 0.8836, 0.8743, 0.8756, 0.8901, 0.8828, 0.8854, 0.8715, 0.8925, 0.8848, 0.8878, 0.8898, 0.8919], "best_train_f1": 0.9970935243959462, "best_test_f1": 0.8925455516647873}}