{
  "0": {
    "train_loss": [
      4.30376262906274,
      1.4650514205366236,
      0.818769581860019,
      0.4931243528855651,
      0.35149112654717657,
      0.24391471572058215,
      0.17781045010421992,
      0.09133592020387794,
      0.16413810548482968,
      0.08516003420051246
    ],
    "test_loss": [
      2.434147373167798,
      2.7111256555265983,
      2.503413819833846,
      2.7876316864132,
      1.7005086124584219,
      2.1667662270522365,
      1.9222503715213681,
      2.0158750284456266,
      1.6384136870581414,
      2.84696507716629
    ],
    "train_acc": [
      0.9283,
      0.9623,
      0.9737,
      0.9788,
      0.9859,
      0.9878,
      0.9914,
      0.9946,
      0.9917,
      0.9951
    ],
    "test_acc": [
      0.9611,
      0.9478,
      0.9481,
      0.9627,
      0.9661,
      0.9656,
      0.9637,
      0.9658,
      0.9666,
      0.9617
    ],
    "train_recall": [
      0.9283,
      0.9623,
      0.9737,
      0.9788,
      0.9859,
      0.9878,
      0.9914,
      0.9946,
      0.9917,
      0.9951
    ],
    "test_recall": [],
    "train_precision": [
      0.9283,
      0.9623,
      0.9737,
      0.9788,
      0.9859,
      0.9878,
      0.9914,
      0.9946,
      0.9917,
      0.9951
    ],
    "test_precision": [],
    "train_f1": [
      0.9283,
      0.9623,
      0.9737,
      0.9788,
      0.9859,
      0.9878,
      0.9914,
      0.9946,
      0.9917,
      0.9951
    ],
    "test_f1": [
      0.8839,
      0.8604,
      0.8628,
      0.8903,
      0.8901,
      0.8986,
      0.8925,
      0.8944,
      0.8942,
      0.878
    ],
    "best_train_f1": 0.9950814591161472,
    "best_test_f1": 0.8985815915512716
  },
  "1": {
    "train_loss": [
      4.306466605714613,
      1.6523650112479717,
      0.8762928317140632,
      0.6296679524526638,
      0.2901803351714595,
      0.23605698772819964,
      0.21171244329446995,
      0.13063141083002336,
      0.12896305676888722,
      0.10507990099550905,
      0.09497064611817266
    ],
    "test_loss": [
      2.5585322763875107,
      2.2575262727097885,
      2.685047123330878,
      1.7443734282647412,
      2.2661378100980074,
      2.1477896968058,
      1.9848455549324475,
      2.4084117842444432,
      2.755892660374593,
      1.9287024918094653,
      2.1286701531030605
    ],
    "train_acc": [
      0.921,
      0.9627,
      0.9708,
      0.9788,
      0.9878,
      0.9906,
      0.9899,
      0.9939,
      0.9939,
      0.9952,
      0.9953
    ],
    "test_acc": [
      0.9585,
      0.9606,
      0.9604,
      0.9632,
      0.9637,
      0.9648,
      0.9664,
      0.9637,
      0.9609,
      0.9619,
      0.9643
    ],
    "train_recall": [
      0.921,
      0.9627,
      0.9708,
      0.9788,
      0.9878,
      0.9906,
      0.9899,
      0.9938,
      0.9938,
      0.9952,
      0.9953
    ],
    "test_recall": [],
    "train_precision": [
      0.921,
      0.9627,
      0.9709,
      0.9788,
      0.9878,
      0.9906,
      0.9899,
      0.9939,
      0.9939,
      0.9952,
      0.9953
    ],
    "test_precision": [],
    "train_f1": [
      0.921,
      0.9627,
      0.9708,
      0.9788,
      0.9878,
      0.9906,
      0.9899,
      0.9938,
      0.9939,
      0.9952,
      0.9953
    ],
    "test_f1": [
      0.8795,
      0.8886,
      0.8805,
      0.8754,
      0.8914,
      0.8892,
      0.8941,
      0.8782,
      0.8565,
      0.8849,
      0.8817
    ],
    "best_train_f1": 0.9953049932523617,
    "best_test_f1": 0.8940853812488128
  },
  "2": {
    "train_loss": [
      4.304908842083622,
      1.6305445510002061,
      1.0161514449714144,
      0.5276134626030818,
      0.3352666383157187,
      0.24607687437777162,
      0.21317093218269637,
      0.2039750621542899,
      0.13037548707678692,
      0.06961664149622855
    ],
    "test_loss": [
      4.836825363447042,
      2.77215127228604,
      2.1226956219430897,
      2.419656060089423,
      1.8735835413914175,
      2.248574168809379,
      2.209459783088741,
      2.179328944763256,
      1.843814487682054,
      2.7458067415748544
    ],
    "train_acc": [
      0.9232,
      0.9591,
      0.9695,
      0.9812,
      0.9858,
      0.9901,
      0.9916,
      0.9923,
      0.9945,
      0.996
    ],
    "test_acc": [
      0.9267,
      0.9583,
      0.9614,
      0.9624,
      0.9661,
      0.9679,
      0.965,
      0.9632,
      0.9648,
      0.9645
    ],
    "train_recall": [
      0.9232,
      0.9591,
      0.9695,
      0.9812,
      0.9858,
      0.9901,
      0.9916,
      0.9923,
      0.9945,
      0.996
    ],
    "test_recall": [],
    "train_precision": [
      0.9232,
      0.9591,
      0.9695,
      0.9812,
      0.9858,
      0.99,
      0.9916,
      0.9923,
      0.9945,
      0.996
    ],
    "test_precision": [],
    "train_f1": [
      0.9232,
      0.9591,
      0.9695,
      0.9812,
      0.9858,
      0.9901,
      0.9916,
      0.9923,
      0.9945,
      0.996
    ],
    "test_f1": [
      0.823,
      0.8801,
      0.888,
      0.8882,
      0.8889,
      0.9012,
      0.8877,
      0.8836,
      0.8886,
      0.8914
    ],
    "best_train_f1": 0.9959756491636179,
    "best_test_f1": 0.9011514948891738
  },
  "3": {
    "train_loss": [
      4.783364519487881,
      1.5812360700154355,
      0.9418699309623887,
      0.5349060351647469,
      0.46921304042946466,
      0.25616795424716776,
      0.20539227813497885,
      0.14583914733717007
    ],
    "test_loss": [
      4.23621087167024,
      2.3347418258652004,
      2.1663189193332566,
      1.8736162431371375,
      2.3016274241660235,
      2.6449400804745475,
      2.590903635400658,
      2.624471917724683
    ],
    "train_acc": [
      0.9259,
      0.9622,
      0.9734,
      0.9804,
      0.9839,
      0.9889,
      0.9904,
      0.9928
    ],
    "test_acc": [
      0.9429,
      0.9635,
      0.9632,
      0.9661,
      0.9648,
      0.9624,
      0.9648,
      0.9632
    ],
    "train_recall": [
      0.9259,
      0.9622,
      0.9734,
      0.9804,
      0.9839,
      0.9889,
      0.9904,
      0.9928
    ],
    "test_recall": [],
    "train_precision": [
      0.9259,
      0.9622,
      0.9734,
      0.9804,
      0.9839,
      0.9889,
      0.9904,
      0.9928
    ],
    "test_precision": [],
    "train_f1": [
      0.9259,
      0.9622,
      0.9734,
      0.9804,
      0.9839,
      0.9889,
      0.9904,
      0.9928
    ],
    "test_f1": [
      0.8522,
      0.8772,
      0.8842,
      0.8919,
      0.8903,
      0.8905,
      0.8831,
      0.8761
    ],
    "best_train_f1": 0.9928459042481942,
    "best_test_f1": 0.8919433375681289
  },
  "4": {
    "train_loss": [
      4.490548846108267,
      1.592752820454588,
      0.8266314997084799,
      0.6468144470318419,
      0.33375199386509974,
      0.26718542359797604,
      0.2613589943224222,
      0.17463618068639858,
      0.13072659193616581,
      0.10375903965742898,
      0.09258748372987091
    ],
    "test_loss": [
      2.9967523059497276,
      3.5157096895202122,
      2.5669697247205447,
      2.2276047415309828,
      2.167752031153792,
      2.5629355299917127,
      2.2333631219456493,
      2.646533303260607,
      2.412368489893869,
      2.1958664028201658,
      2.4699146749606977
    ],
    "train_acc": [
      0.922,
      0.9617,
      0.976,
      0.9795,
      0.9871,
      0.9893,
      0.9908,
      0.9918,
      0.994,
      0.9942,
      0.9941
    ],
    "test_acc": [
      0.9611,
      0.9531,
      0.9624,
      0.9637,
      0.9674,
      0.9614,
      0.9669,
      0.964,
      0.9635,
      0.9624,
      0.9648
    ],
    "train_recall": [
      0.922,
      0.9616,
      0.976,
      0.9795,
      0.9871,
      0.9893,
      0.9908,
      0.9918,
      0.994,
      0.9942,
      0.9941
    ],
    "test_recall": [],