{"0": {"train_loss": [6.345322278877625, 0.7222359915575394, 0.2177778225538372, 0.05883539790454331, 0.025915489326182477, 0.013517688180536147, 0.00328986047286995, 0.0030475166142388066, 0.002324170629567555], "test_loss": [4.794262997899205, 1.2346877142284616, 0.25733547588273425, 0.3012685501742818, 0.1407374902117537, 0.24449067940798522, 0.1501424996622808, 0.20592458355815416, 0.13011340108718208], "train_acc": [0.8313, 0.9367, 0.9589, 0.9744, 0.9794, 0.9826, 0.9902, 0.9885, 0.9907], "test_acc": [0.7908, 0.9199, 0.9358, 0.9463, 0.9525, 0.9504, 0.9465, 0.9559, 0.9473], "train_recall": [0.8313, 0.9368, 0.9589, 0.9744, 0.9795, 0.9825, 0.9902, 0.9885, 0.9907], "test_recall": [], "train_precision": [0.8313, 0.9368, 0.9589, 0.9744, 0.9794, 0.9826, 0.9902, 0.9885, 0.9907], "test_precision": [], "train_f1": [0.8313, 0.9367, 0.9589, 0.9744, 0.9794, 0.9826, 0.9902, 0.9885, 0.9907], "test_f1": [0.6546, 0.8043, 0.8276, 0.8437, 0.8547, 0.8514, 0.8378, 0.8479, 0.8489], "best_train_f1": 0.9907220843563628, "best_test_f1": 0.8546953088558673}}