{"0": {"train_loss": [6.8155311401941745, 1.172657539348793, 0.42267423999714426, 0.12018627521954868, 0.05070745251378993, 0.03327786540027844, 0.0177013104370245, 0.014707617212022307, 0.0052121028252217734, 0.003930070404306659], "test_loss": [1.7618298840268496, 2.2646532030409485, 1.2159780757652356, 0.5880231816667844, 0.4016704033018623, 0.7052347972151242, 0.3858863482556972, 0.25596499590706484, 0.260315906340476, 0.3132423548373496], "train_acc": [0.8329, 0.9326, 0.9525, 0.9722, 0.9776, 0.9823, 0.9877, 0.985, 0.9893, 0.9926], "test_acc": [0.9233, 0.9103, 0.9178, 0.9504, 0.9491, 0.9491, 0.9489, 0.9541, 0.9512, 0.9538], "train_recall": [0.8329, 0.9326, 0.9525, 0.9722, 0.9777, 0.9823, 0.9877, 0.985, 0.9893, 0.9926], "test_recall": [], "train_precision": [0.8329, 0.9326, 0.9525, 0.9722, 0.9776, 0.9824, 0.9877, 0.985, 0.9893, 0.9926], "test_precision": [], "train_f1": [0.8329, 0.9326, 0.9525, 0.9722, 0.9776, 0.9823, 0.9877, 0.985, 0.9893, 0.9926], "test_f1": [0.8079, 0.7876, 0.8008, 0.8518, 0.8492, 0.8518, 0.8443, 0.8508, 0.8505, 0.8498], "best_train_f1": 0.9926223066751108, "best_test_f1": 0.8518402404071099}}