{"0": {"train_loss": [6.095108697932427, 1.0075311115552743, 0.2956036087441141, 0.16554870046855463, 0.06906874818827563, 0.06653041577009484, 0.02506605080214054, 0.04712038901512817, 0.011953496164607155, 0.016012120569786938, 0.012049144108229054, 0.004682822881796239, 0.011614822804711784, 0.011330806299409453, 0.003765445321489391, 0.016541879104345836], "test_loss": [2.858010634224428, 2.2504075686932388, 0.6736379380653698, 0.6543590541893166, 0.7246521510386228, 0.5918783781530048, 0.8335018208087906, 0.5034301870016359, 0.44684133143413235, 0.5119615325055739, 0.2683826938954139, 0.45457845460239504, 0.3428760882560969, 0.3280922610710691, 0.5132924193318683, 0.4798147708430976], "train_acc": [0.8867, 0.9469, 0.9712, 0.9769, 0.9851, 0.9851, 0.9915, 0.989, 0.9937, 0.9932, 0.9936, 0.9945, 0.9939, 0.9936, 0.9959, 0.9913], "test_acc": [0.9152, 0.9236, 0.9507, 0.9463, 0.946, 0.9484, 0.9551, 0.9489, 0.958, 0.9515, 0.9554, 0.9567, 0.9517, 0.9541, 0.9489, 0.9549], "train_recall": [0.8866, 0.9469, 0.9711, 0.9768, 0.9851, 0.9851, 0.9915, 0.9891, 0.9937, 0.9932, 0.9936, 0.9945, 0.9939, 0.9936, 0.9959, 0.9913], "test_recall": [], "train_precision": [0.8867, 0.9469, 0.9712, 0.9769, 0.9851, 0.9851, 0.9915, 0.989, 0.9937, 0.9932, 0.9936, 0.9945, 0.9938, 0.9936, 0.9959, 0.9913], "test_precision": [], "train_f1": [0.8866, 0.9469, 0.9712, 0.9769, 0.9851, 0.9851, 0.9915, 0.989, 0.9937, 0.9932, 0.9936, 0.9945, 0.9939, 0.9936, 0.9959, 0.9913], "test_f1": [0.7995, 0.8091, 0.8493, 0.8355, 0.8469, 0.8463, 0.85, 0.8545, 0.8547, 0.8534, 0.8561, 0.8664, 0.8533, 0.8591, 0.8502, 0.856], "best_train_f1": 0.9958630745956258, "best_test_f1": 0.8664182155681284}}