{
  "0": {
    "train_loss": [
      6.111308575580469,
      0.8202223125113538,
      0.2826452514912395,
      0.09863553113180529,
      0.05839069132383765,
      0.06693363505668438,
      0.026038864155498123,
      0.014551769032866778,
      0.007415683180102274,
      0.01208420129786194,
      0.0054467665152395876,
      0.00749241713118837
    ],
    "test_loss": [
      1.3427377060258456,
      1.292503385485044,
      0.7582015921829578,
      0.4477489311893584,
      0.7473802481264673,
      0.9491145918302893,
      0.3407723705875923,
      0.17982773334366844,
      0.2073828981344575,
      0.34753815184934583,
      0.29044339051711615,
      0.2213280030631584
    ],
    "train_acc": [
      0.8815,
      0.9497,
      0.9655,
      0.9766,
      0.9827,
      0.9835,
      0.9882,
      0.9908,
      0.9904,
      0.9917,
      0.9928,
      0.9915
    ],
    "test_acc": [
      0.9439,
      0.933,
      0.951,
      0.9549,
      0.9546,
      0.9056,
      0.9536,
      0.9575,
      0.9523,
      0.9504,
      0.9533,
      0.94
    ],
    "train_recall": [
      0.8815,
      0.9497,
      0.9654,
      0.9766,
      0.9827,
      0.9835,
      0.9881,
      0.9908,
      0.9904,
      0.9917,
      0.9929,
      0.9915
    ],
    "test_recall": [],
    "train_precision": [
      0.8816,
      0.9497,
      0.9655,
      0.9767,
      0.9827,
      0.9835,
      0.9882,
      0.9908,
      0.9904,
      0.9917,
      0.9928,
      0.9915
    ],
    "test_precision": [],
    "train_f1": [
      0.8815,
      0.9497,
      0.9655,
      0.9766,
      0.9827,
      0.9835,
      0.9882,
      0.9908,
      0.9904,
      0.9917,
      0.9928,
      0.9915
    ],
    "test_f1": [
      0.8409,
      0.8228,
      0.8437,
      0.8591,
      0.8554,
      0.7856,
      0.8438,
      0.8624,
      0.8473,
      0.8479,
      0.851,
      0.8316
    ],
    "best_train_f1": 0.9928452405373986,
    "best_test_f1": 0.8624259700474641
  }
}